{
	"verts":[
		1, 1, 0.02, 1, -1, 0.02, -1, -1, 0.02, -1, 1, 0.02, 1, 0.999999, 2.02, -1, 1, 2.02, -1, -1, 2.02, 0.999999, -1, 2.02, 1, 1, 0.02, 1, 0.999999, 2.02, 0.999999, -1, 2.02, 1, -1, 0.02, 1, -1, 0.02, 0.999999, -1, 2.02, -1, -1, 2.02, -1, -1, 0.02, -1, -1, 0.02, -1, -1, 2.02, -1, 1, 2.02, -1, 1, 0.02, 1, 0.999999, 2.02, 1, 1, 0.02, -1, 1, 0.02, -1, 1, 2.02
	],
	"uv": [],
	"normals": [
		0, 0, -1, 0, 0, -1, 0, 0, -1, 0, 0, -1, 0, -0, 1, 0, -0, 1, 0, -0, 1, 0, -0, 1, 1, -0, 0, 1, -0, 0, 1, -0, 0, 1, -0, 0, -0, -1, -0, -0, -1, -0, -0, -1, -0, -0, -1, -0, -1, 0, -0, -1, 0, -0, -1, 0, -0, -1, 0, -0, 0, 1, 0, 0, 1, 0, 0, 1, 0, 0, 1, 0
	]
}